internal_id,valuation_date,clean_price,price_status
CELANESE_6.500_2030,2026-03-31,98.00,simulated
CELANESE_6.500_2030,2026-04-30,99.00,simulated
MAGNOLIA_6.875_2032,2026-03-31,100.00,simulated
MAGNOLIA_6.875_2032,2026-04-30,100.50,simulated
BBW_6.625_2030,2026-03-31,99.00,simulated
BBW_6.625_2030,2026-04-30,98.50,simulated
GOODYEAR_5.250_APR2031,2026-03-31,95.00,simulated
GOODYEAR_5.250_APR2031,2026-04-30,94.00,simulated
URNA_5.250_2030,2026-03-31,100.00,simulated
URNA_5.250_2030,2026-04-30,100.25,simulated
CCO_4.500_2030,2026-03-31,94.00,simulated
CCO_4.500_2030,2026-04-30,93.25,simulated
CLF_6.750_2030,2026-03-31,97.00,simulated
CLF_6.750_2030,2026-04-30,96.50,simulated
RANGE_4.750_2030,2026-03-31,99.00,simulated
RANGE_4.750_2030,2026-04-30,99.75,simulated
SIRIUS_4.125_2030,2026-03-31,95.00,simulated
SIRIUS_4.125_2030,2026-04-30,95.00,simulated
GATES_6.875_2029,2026-03-31,100.00,simulated
GATES_6.875_2029,2026-04-30,100.50,simulated
