internal_id,valuation_date,effective_duration_years,oas_bps,risk_status
CELANESE_6.500_2030,2026-03-31,3.2,350,simulated
CELANESE_6.500_2030,2026-04-30,3.2,350,simulated
MAGNOLIA_6.875_2032,2026-03-31,4.5,300,simulated
MAGNOLIA_6.875_2032,2026-04-30,4.5,300,simulated
BBW_6.625_2030,2026-03-31,2.5,325,simulated
BBW_6.625_2030,2026-04-30,2.5,325,simulated
GOODYEAR_5.250_APR2031,2026-03-31,4.0,450,simulated
GOODYEAR_5.250_APR2031,2026-04-30,4.0,450,simulated
URNA_5.250_2030,2026-03-31,2.4,225,simulated
URNA_5.250_2030,2026-04-30,2.4,225,simulated
CCO_4.500_2030,2026-03-31,3.0,400,simulated
CCO_4.500_2030,2026-04-30,3.0,400,simulated
CLF_6.750_2030,2026-03-31,2.8,425,simulated
CLF_6.750_2030,2026-04-30,2.8,425,simulated
RANGE_4.750_2030,2026-03-31,2.6,250,simulated
RANGE_4.750_2030,2026-04-30,2.6,250,simulated
SIRIUS_4.125_2030,2026-03-31,3.0,375,simulated
SIRIUS_4.125_2030,2026-04-30,3.0,375,simulated
GATES_6.875_2029,2026-03-31,2.7,300,simulated
GATES_6.875_2029,2026-04-30,2.7,300,simulated
