internal_id,legal_issuer,sector,currency,coupon_rate_decimal,maturity_date,issuance_date,coupon_month_day_1,coupon_month_day_2,first_coupon_date,day_count_basis,cusip,isin,rating,rating_scope,rating_as_of,rating_source_url,contractual_source_url,call_terms_summary,unresolved_checks
CELANESE_6.500_2030,Celanese US Holdings LLC,"Materials/Chemicals, provisional",USD,0.065,2030-04-15,2025-03-14,04-15,10-15,2025-10-15,360-day year comprising twelve 30-day months,15089QAZ7,US15089QAZ72,,,,,"https://www.sec.gov/Archives/edgar/data/1314514/000162828025011759/a424b52025filingfinal-usd.htm; https://www.sec.gov/Archives/edgar/data/1306830/000130683025000105/ex423312510q.htm; https://www.sec.gov/Archives/edgar/data/1306830/000162828025012811/ce-20250314.htm","Before 2027-04-15: 100% of principal plus Applicable Premium and accrued interest; premium is the greater of 1% of principal or the present value of the 2027-04-15 call payment and remaining coupons through that date, excluding accrued interest, minus principal, discounted at Treasury Rate plus 50 bps. Scheduled prices: 103.250% from 2027-04-15 through 2028-04-14; 101.625% from 2028-04-15 through 2029-04-14; 100.000% from 2029-04-15 onward. Accrued interest paid separately; summary is not every possible redemption provision.","Dated issue-level credit rating; outstanding status throughout simulation window; sector classification is provisional."
MAGNOLIA_6.875_2032,"Magnolia Oil & Gas Operating LLC; Magnolia Oil & Gas Finance Corp.","Energy, provisional",USD,0.06875,2032-12-01,2024-11-26,06-01,12-01,2025-06-01,360-day year comprising twelve 30-day months,,USU55641AB74,"S&P BB- (project rating bucket: BB)","Issue rating; the BB project bucket is a separate analytical mapping.",2025-08-14,https://www.spglobal.com/ratings/en/regulatory/article/-/view/sourceId/101640363,https://www.sec.gov/Archives/edgar/data/1698990/000110465924123076/tm2429486d1_8k.htm,"Before 2027-12-01: 100% of principal plus Applicable Premium and accrued interest; Applicable Premium definition not extracted. Equity-funded call before 2027-12-01: up to 40% at 106.875%, subject to remaining-balance and timing conditions. Following qualifying purchases of at least 90%, tender-offer cleanup at offer price plus accrued interest not already included. Scheduled prices: 103.438% (2027), 101.719% (2028), 100.000% (2029 onward).","CUSIP not established; ISIN is reported by Cbonds and tranche designation is unconfirmed, not SEC-verified. Direct URL for attached indenture exhibit not recorded (terms accessed through the 8-K). Scheduled-call periods conflict: Section 3.07(e) starts calls 2027-12-01 but annual table periods are described as beginning June 1. Cbonds reports 2024-11-12 issuance versus SEC closing 2024-11-26. Check subsequent rating actions through 2026-03-31. April-specific principal activity not independently confirmed; cited Q2 2026 filing URL is an unresolved placeholder."
BBW_6.625_2030,"Bath & Body Works, Inc.","Consumer discretionary, project-assigned",USD,0.06625,2030-10-01,2020-09-30,04-01,10-01,2021-04-01,360-day year comprising twelve 30-day months,,,"S&P BB+; Moody's Ba2","Debt-category ratings for senior unsecured debt with subsidiary guarantees; not separately reviewed issue-specific ratings.",2026-01-31,https://www.sec.gov/Archives/edgar/data/701985/000070198526000008/bbwi-20260131.htm,"https://investors.bbwinc.com/node/7306/html; https://www.sec.gov/Archives/edgar/data/701985/000070198521000030/bbwi-20210731.htm","Scheduled call prices for twelve-month periods beginning October 1: 103.313% (2025), 102.208% (2026), 101.104% (2027), and 100.000% (2028 onward); accrued interest additional.","CUSIP/ISIN; rating changes between 2026-01-31 and 2026-03-31; principal activity through 2026-04-30."
GOODYEAR_5.250_APR2031,"The Goodyear Tire & Rubber Company","Consumer discretionary, project-assigned",USD,0.0525,2031-04-30,2021-04-06,04-30,10-30,2021-10-30,360-day year comprising twelve 30-day months,,,,,,,"https://www.sec.gov/Archives/edgar/data/42582/000119312521107057/d148655dex42.htm","Before 2031-01-30: greater of principal or present value of remaining scheduled payments discounted at Treasury Rate plus 50 bps; on or after 2031-01-30: 100% of principal. Accrued interest additional.","Dated issue/debt-category rating; analytical rating bucket not assigned. CUSIP/ISIN; reviewed note template has blank identifiers. Principal activity through 2026-04-30. Date is documented as issuance / interest-accrual start."
URNA_5.250_2030,"United Rentals (North America), Inc.","Industrials, project-assigned",USD,0.0525,2030-01-15,2019-05-10,01-15,07-15,2020-01-15,360-day year comprising twelve 30-day months,,,"S&P BB+; Moody's Ba1","Corporate ratings, not verified issue ratings.",2026-01-26,https://www.sec.gov/Archives/edgar/data/1067701/000106770126000007/uri-20251231.htm,https://www.sec.gov/Archives/edgar/data/1067701/000110465919028631/a19-8813_4ex4d1.htm,"Scheduled call prices for twelve-month periods beginning January 15: 102.625% (2025), 101.750% (2026), 100.875% (2027), and 100.000% (2028 onward); accrued interest additional.","Dated issue/debt-category rating; CUSIP/ISIN; principal activity through 2026-04-30. Date is documented as issuance / accrual start."
CCO_4.500_2030,"CCO Holdings, LLC; CCO Holdings Capital Corp.","Communications, project-assigned",USD,0.045,2030-08-15,2020-02-18,02-15,08-15,2020-08-15,360-day year comprising twelve 30-day months,,,,,,,"https://www.sec.gov/Archives/edgar/data/1091667/000110465920023531/tm206421d3_ex4-2.htm","Scheduled call prices for twelve-month periods beginning February 15: 102.250% (2025), 101.500% (2026), 100.750% (2027), and 100.000% (2028 onward); accrued interest and applicable special interest are additional.","Dated issue/debt-category rating; analytical bucket pending. CUSIP/ISIN; applicability of registration-related special interest; principal activity through 2026-04-30. Issuance date is described as initial issuance."
CLF_6.750_2030,Cleveland-Cliffs Inc.,Materials,USD,0.0675,2030-04-15,2023-04-14,04-15,10-15,2023-10-15,360-day year comprising twelve 30-day months,,,,,,,"https://www.sec.gov/Archives/edgar/data/764065/000076406523000129/clf-202363010xqex41.htm","Before 2026-04-15: 100% of principal plus Applicable Premium and accrued interest. Equity-funded redemption before that date: up to 35% at 106.750%, subject to contractual conditions. Scheduled prices: 103.375% from 2026-04-15; 101.688% from 2027-04-15; 100.000% from 2028-04-15. Accrued interest additional.","Dated issue/debt-category rating; analytical bucket pending. CUSIP/ISIN; principal activity through 2026-04-30; applicability of registration-related additional interest."
RANGE_4.750_2030,Range Resources Corporation,Energy,USD,0.0475,2030-02-15,2022-02-01,02-15,08-15,2022-08-15,360-day year comprising twelve 30-day months,,,,,,,"https://www.sec.gov/Archives/edgar/data/315852/000119312522024682/d301990d8k.htm; https://www.sec.gov/Archives/edgar/data/315852/000119312522024682/d301990dex41.htm","Scheduled call prices for twelve-month periods beginning February 15: 102.375% (2025), 101.1875% (2026), and 100.000% (2027 onward); accrued interest additional.","Dated issue/debt-category rating; analytical bucket pending. Recent outstanding principal balance; principal activity through 2026-04-30; CUSIP/ISIN. Date is documented as issuance / accrual start."
SIRIUS_4.125_2030,Sirius XM Radio LLC,"Communications, project-assigned",USD,0.04125,2030-07-01,2020-06-11,01-01,07-01,2021-01-01,360-day year comprising twelve 30-day months,,,,,,,"https://www.sec.gov/Archives/edgar/data/908937/000119312520166664/d945164d8k.htm; https://www.sec.gov/Archives/edgar/data/908937/000119312520166664/d945164dex41.htm; https://www.sec.gov/Archives/edgar/data/908937/000090893726000006/siri-20251231.htm","Scheduled call prices for twelve-month periods beginning July 1: 102.063% (2025), 101.375% (2026), 100.688% (2027), and 100.000% (2028 onward); accrued and applicable additional interest are separate.","Dated issue/debt-category rating; analytical bucket pending. CUSIP/ISIN; principal activity through 2026-04-30; applicability of additional interest. Date is documented as issuance / accrual start."
GATES_6.875_2029,Gates Corporation,Industrials,USD,0.06875,2029-07-01,2024-06-04,01-01,07-01,2025-01-01,360-day year comprising twelve 30-day months,367398AA2,US367398AA27,,,,,"https://www.sec.gov/Archives/edgar/data/1718512/000110465924068270/tm2416310d1_8k.htm; https://www.sec.gov/Archives/edgar/data/1718512/000110465924068270/tm2416310d1_ex4-1.htm","Scheduled call-price table located, but effective dates and early-call provisions have not been extracted; call summary is incomplete.","Dated issue/debt-category rating; complete call-term summary; principal activity through 2026-04-30. 144A identifiers used per project convention; they are not an actual transaction."
