bond_id,issuer,sector,rating,maturity_date,coupon_rate,coupon_frequency,day_count_basis,face_amount,begin_clean,end_clean,begin_accrued,end_accrued,begin_dirty_value,end_dirty_value,coupon_cash,begin_weight,total_return,price_return,income_return,holding_contribution,duration,oas_bp,benchmark_weight
USM-101,Mosaic Foods,Consumer,BB,2031-05-15,0.065,2,30/360,998502.246630055,98.8,99.4,1.35,0.85,1000000.0,1000998.5022466301,32451.323015476788,0.1,0.03344982526210696,0.005991013479780415,0.027458811782326512,0.003344982526210696,4.1,398.0,0.1
USM-102,Northwind Telecom,Communications,B,2030-08-01,0.0725,2,30/360,1026694.0451745379,96.2,97.1,1.2,0.95,1000000.0,1006673.5112936343,37217.659137577,0.1,0.04389117043121136,0.009240246406570753,0.03465092402464066,0.004389117043121136,4.8,460.0,0.1
USM-103,Red Pine Energy,Energy,BB,2032-07-30,0.0685,2,30/360,1012658.2278481013,97.35,97.9,1.4,0.9,1000000.0,1000506.3291139243,34683.54430379747,0.1,0.035189873417721715,0.005569620253164672,0.02962025316455696,0.0035189873417721717,4.6,430.0,0.1
USM-104,Harbor Logistics,Industrials,BB,2029-11-15,0.061,2,30/360,1001502.2533800702,98.6,98.9,1.25,0.82,1000000.0,998698.047070606,30545.81872809214,0.1,0.029243865798698157,0.0030045067601403245,0.026239359038557838,0.002924386579869816,3.9,370.0,0.1
USM-105,Cobalt Pharma,Healthcare,B,2033-04-20,0.075,2,30/360,1030927.8350515463,95.9,96.7,1.1,0.72,1000000.0,1004329.8969072165,38659.79381443299,0.1,0.042989690721649564,0.00824742268041234,0.03474226804123711,0.004298969072164957,5.1,488.0,0.1
USM-106,Summit Metals,Materials,BB,2030-09-18,0.0675,2,30/360,1009081.7356205853,97.8,98.25,1.3,0.88,1000000.0,1000302.7245206861,34056.508577194756,0.1,0.034359233097880845,0.0045408678102926625,0.029818365287588296,0.0034359233097880845,4.4,415.0,0.1
USM-107,Larkspur Capital,Financials,B,2031-10-25,0.079,2,30/360,1042970.3796412182,94.8,95.7,1.08,0.7,1000000.0,1005423.4459741345,41197.32999582812,0.1,0.04662077596996259,0.009386733416771023,0.03723404255319149,0.004662077596996259,5.3,520.0,0.1
USM-108,Evergreen Retail,Consumer,BB,2028-12-15,0.062,2,30/360,997207.8181092939,99.1,99.5,1.18,0.8,1000000.0,1000199.4415636219,30913.44236138811,0.1,0.031112883925009986,0.0039888312724372325,0.027124052652572794,0.003111288392500999,3.2,335.0,0.1
USM-109,Cascade Building,Industrials,B,2032-06-05,0.071,2,30/360,1026588.645929576,96.25,97.0,1.16,0.78,1000000.0,1003798.3779899394,36443.89693049995,0.1,0.040242274920439344,0.00769941484447182,0.03254286007596756,0.004024227492043934,5.0,470.0,0.1
USM-110,Pioneer Utilities,Utilities,BB,2030-03-10,0.058,2,30/360,996512.2072745392,99.3,99.75,1.05,0.67,1000000.0,1000697.5585450922,28898.854010961637,0.1,0.029596412556053837,0.0044843049327354546,0.025112107623318388,0.002959641255605384,3.5,345.0,0.1
