bond_id,issuer,sector,rating,maturity_date,coupon_rate,coupon_frequency,day_count_basis,face_amount,begin_clean,end_clean,begin_accrued,end_accrued,begin_dirty_value,end_dirty_value,coupon_cash,begin_weight,total_return,price_return,income_return,holding_contribution,duration,oas_bp
USM-101,Mosaic Foods,Consumer,BB,2031-05-15,0.065,2,30/360,1797304.043934099,98.8,99.4,1.35,0.85,1800000.0,1801797.304043934,58412.381427858214,0.18,0.0334498252621068,0.005991013479780414,0.027458811782326512,0.006020968547179224,4.1,398.0
USM-102,Northwind Telecom,Communications,B,2030-08-01,0.0725,2,30/360,1642710.4722792606,96.2,97.1,1.2,0.95,1600000.0,1610677.618069815,59548.254620123196,0.16,0.04389117043121136,0.009240246406570753,0.03465092402464065,0.007022587268993817,4.8,460.0
USM-103,Red Pine Energy,Energy,BB,2032-07-30,0.0685,2,30/360,1316455.6962025317,97.35,97.9,1.4,0.9,1300000.0,1300658.2278481014,45088.607594936715,0.13,0.03518987341772156,0.005569620253164672,0.02962025316455697,0.004574683544303803,4.6,430.0
USM-104,Harbor Logistics,Industrials,BB,2029-11-15,0.061,2,30/360,1201802.7040560842,98.6,98.9,1.25,0.82,1200000.0,1198437.656484727,36654.98247371057,0.12,0.029243865798698,0.003004506760140324,0.026239359038557838,0.00350926389584376,3.9,370.0
USM-105,Cobalt Pharma,Healthcare,B,2033-04-20,0.075,2,30/360,1134020.618556701,95.9,96.7,1.1,0.72,1100000.0,1104762.8865979381,42525.77319587629,0.11,0.042989690721649466,0.008247422680412342,0.03474226804123711,0.004728865979381441,5.1,488.0
USM-106,Summit Metals,Materials,BB,2030-09-18,0.0675,2,30/360,1009081.7356205853,97.8,98.25,1.3,0.88,1000000.0,1000302.7245206861,34056.508577194756,0.1,0.034359233097880845,0.0045408678102926625,0.029818365287588296,0.0034359233097880845,4.4,415.0
USM-107,Larkspur Capital,Financials,B,2031-10-25,0.079,2,30/360,730079.265748853,94.8,95.7,1.08,0.7,700000.0000000001,703796.4121818943,28838.130997079694,0.07,0.04662077596996261,0.009386733416771023,0.037234042553191495,0.003263454317897383,5.3,520.0
USM-108,Evergreen Retail,Consumer,BB,2028-12-15,0.062,2,30/360,598324.6908655764,99.1,99.5,1.18,0.8,600000.0,600119.6649381731,18548.06541683287,0.06,0.0311128839250101,0.0039888312724372325,0.0271240526525728,0.0018667730355006059,3.2,335.0
USM-109,Cascade Building,Industrials,B,2032-06-05,0.071,2,30/360,410635.4583718304,96.25,97.0,1.16,0.78,400000.0,401519.35119597573,14577.558772199978,0.04,0.04024227492043923,0.007699414844471819,0.03254286007596756,0.0016096909968175695,5.0,470.0
USM-110,Pioneer Utilities,Utilities,BB,2030-03-10,0.058,2,30/360,298953.66218236176,99.3,99.75,1.05,0.67,300000.0,300209.2675635277,8669.656203288492,0.03,0.029596412556053837,0.0044843049327354546,0.02511210762331839,0.0008878923766816151,3.5,345.0
