internal_id,portfolio_beginning_weight_decimal,benchmark_beginning_weight_decimal,active_weight_decimal,bond_total_return_decimal,active_contribution_decimal,result_status
CELANESE_6.500_2030,0.15131310174726493491540424445756132004475151188946,0.10,0.05131310174726493491540424445756132004475151188946,0.015085673423361478588520036304628840177122583129349,0.00077409269529895807918532490126165142178129773292359,simulated
MAGNOLIA_6.875_2032,0.12771035534170886686147770158121546271551230839979,0.10,0.02771035534170886686147770158121546271551230839979,0.010302104548540393754243041412084181941615750169721,0.00028547497780748951434007068669039011996462951796795,simulated
BBW_6.625_2030,0.10218909247790342079946509042205281261032683446865,0.10,0.00218909247790342079946509042205281261032683446865,0.0003291929681667006040860652955949229620579651123333,0.00000072063385039242454879560772055631176000034936353538,simulated
GOODYEAR_5.250_APR2031,0.072802705621475176852398388335197979662060886193686,0.10,-0.027197294378524823147601611664802020337939113806314,-0.0057877813504823151125401929260450160771704180064313,0.00015741199318760347802470386172554223989803988698189,simulated
URNA_5.250_2030,0.12623297281962962783138973142850404962340617823336,0.10,0.02623297281962962783138973142850404962340617823336,0.0066554026209511250309074425121569273881150581059925,0.00017459099605910264958252046590717069208687454812033,simulated
CCO_4.500_2030,0.070845693984833593320288901111782368375968188416904,0.10,-0.029154306015166406679711098888217631624031811583096,-0.0040972772931535818133756278086174993391488236849061,0.00011945327603359220289070103958957792497290327241289,simulated
CLF_6.750_2030,0.074993809559150442625190828575768568374719696144724,0.10,-0.025006190440849557374809171424231431625280303855276,0.0004370083655887126982145086777375452615807216881009,-0.000010927914414155756125837445372057686438816464414218,simulated
RANGE_4.750_2030,0.12435850039431547596340252986150752667438419852692,0.10,0.02435850039431547596340252986150752667438419852692,0.011371083564566281355884936625904597236359580015896,0.00027698254349128199238890030400127428647266776215826,simulated
SIRIUS_4.125_2030,0.047957709405100368374580974781149708789177514099292,0.10,-0.052042290594899631625419025218850291210822485900708,0.0034602451458943486278338214556893372383121813645735,-0.00018007908341222456327702211785240528144324083959570,simulated
GATES_6.875_2029,0.10159605864861809245640160944526020312969268362720,0.10,0.00159605864861809245640160944526020312969268362720,0.010360129714968424645844000682710360129714968424645,0.000016535374632380647227099794048010638329466785487461,simulated
