internal_id,beginning_ai_usd_per_100_face,ending_ai_usd_per_100_face,coupon_cash_usd_per_100_face,beginning_dirty_price_usd_per_100_face,ending_dirty_price_usd_per_100_face,price_return_decimal,income_return_decimal,total_return_decimal,coupon_payment_dates,result_status
CELANESE_6.500_2030,2.9972222222222222222222222222222222222222222222222,0.27083333333333333333333333333333333333333333333333,3.250,100.99722222222222222222222222222222222222222222222,99.270833333333333333333333333333333333333333333333,0.0099012624109573970681261860887263126048571192827088,0.0051844110124040815203938502159025275722654638466405,0.015085673423361478588520036304628840177122583129349,2026-04-15,simulated
MAGNOLIA_6.875_2032,2.2916666666666666666666666666666666666666666666667,2.8454861111111111111111111111111111111111111111111,0.00000,102.29166666666666666666666666666666666666666666667,103.34548611111111111111111111111111111111111111111,0.0048879837067209775967413441955193482688391038696536,0.0054141208418194161575016972165648336727766463000673,0.010302104548540393754243041412084181941615750169721,,simulated
BBW_6.625_2030,3.31250,0.53368055555555555555555555555555555555555555555556,3.31250,102.31250,99.033680555555555555555555555555555555555555555556,-0.0048869883934025656689065363469761759315821624923641,0.0052161813615692662729926016425710988936401276046974,0.0003291929681667006040860652955949229620579651123333,2026-04-01,simulated
GOODYEAR_5.250_APR2031,2.1875,0.0000,2.6250,97.1875,94.0000,-0.010289389067524115755627009646302250803858520900322,0.0045016077170418006430868167202572347266881028938907,-0.0057877813504823151125401929260450160771704180064313,2026-04-30,simulated
URNA_5.250_2030,1.1083333333333333333333333333333333333333333333333,1.53125,0.0000,101.10833333333333333333333333333333333333333333333,101.78125,0.0024725954009725541910492046484793538284018791725048,0.0041828072199785708398582378636775735597131789334877,0.0066554026209511250309074425121569273881150581059925,,simulated
CCO_4.500_2030,0.575,0.9375,0.000,94.575,94.1875,-0.0079302141157811260904044409199048374306106264869151,0.0038329368226275442770288131112873380914618028020090,-0.0040972772931535818133756278086174993391488236849061,,simulated
CLF_6.750_2030,3.1125,0.28125,3.3750,100.1125,96.78125,-0.0049943813210138594081658134598576601323511050068673,0.0054313896866025721063803221375952053939318266949682,0.0004370083655887126982145086777375452615807216881009,2026-04-15,simulated
RANGE_4.750_2030,0.60694444444444444444444444444444444444444444444444,0.98958333333333333333333333333333333333333333333333,0.0000,99.606944444444444444444444444444444444444444444444,100.73958333333333333333333333333333333333333333333,0.0075295954933976602479189034677970355703668586248728,0.0038414880711686211079660331581075616659927213910231,0.011371083564566281355884936625904597236359580015896,,simulated
SIRIUS_4.125_2030,1.03125,1.3635416666666666666666666666666666666666666666667,0.00000,96.03125,96.363541666666666666666666666666666666666666666667,0,0.0034602451458943486278338214556893372383121813645735,0.0034602451458943486278338214556893372383121813645735,,simulated
GATES_6.875_2029,1.71875,2.2725694444444444444444444444444444444444444444444,0.00000,101.71875,102.77256944444444444444444444444444444444444444444,0.0049155145929339477726574500768049155145929339477727,0.0054446151220344768731865506059054446151220344768727,0.010360129714968424645844000682710360129714968424645,,simulated
