internal_id,face_value_usd,beginning_dirty_market_value_usd,ending_dirty_market_value_usd,coupon_cash_usd,beginning_weight_decimal,price_contribution_decimal,income_contribution_decimal,total_contribution_decimal,result_status
CELANESE_6.500_2030,150000,151495.83333333333333333333333333333333333333333333,148906.25000000000000000000000000000000000000000000,4875.000,0.15131310174726493491540424445756132004475151188946,0.0014981907266155663403708993097918555300231179152399,0.00078446931101953959766642922193267990947043813061865,0.0022826600376351059380373285317245354394935560458586,simulated
MAGNOLIA_6.875_2032,125000,127864.58333333333333333333333333333333333333333334,129181.85763888888888888888888888888888888888888889,0.00000,0.12771035534170886686147770158121546271551230839979,0.00062424613608981930848787471241327313750963246468327,0.00069143929657170958127650011548553517661657207025676,0.0013156854326615288897643748278988083141262045349400,simulated
BBW_6.625_2030,100000,102312.50000,99033.680555555555555555555555555555555555555555556,3312.50000,0.10218909247790342079946509042205281261032683446865,-0.00049939690887185544679029976993061851000770597174661,0.00053303683953891793174770190721066711797350283234348,0.00003363993066706248495740213728004860796579686059687,simulated
GOODYEAR_5.250_APR2031,75000,72890.6250,70500.0000,1968.7500,0.072802705621475176852398388335197979662060886193686,-0.00074909536330778317018544965489592776501155895761995,0.00032772922144715513695613422401696839719255704395872,-0.00042136614186062803322931543087895936781900191366123,simulated
URNA_5.250_2030,125000,126385.41666666666666666666666666666666666666666666,127226.56250,0.0000,0.12623297281962962783138973142850404962340617823336,0.00031212306804490965424393735620663656875481623234162,0.00052800819010930549842932736091622686214356412637796,0.00084013125815421515267326471712286343089838035871958,simulated
CCO_4.500_2030,75000,70931.250,70640.6250,0.000,0.070845693984833593320288901111782368375968188416904,-0.00056182152248083737763908724117194582375866921821494,0.00027154706919907139919222549989977381481669012213722,-0.00029027445328176597844686174127217200894197909607772,simulated
CLF_6.750_2030,75000,75084.3750,72585.93750,2531.2500,0.074993809559150442625190828575768568374719696144724,-0.00037454768165389158509272482744796388250577947880996,0.00040732060379860709878833824984966072222503518320583,0.00003277292214471551369561342240169683971925570439587,simulated
RANGE_4.750_2030,125000,124508.68055555555555555555555555555555555555555556,125924.47916666666666666666666666666666666666666666,0.0000,0.12435850039431547596340252986150752667438419852692,0.00093636920413472896273181206861990970626444869702493,0.00047772169581318116524558189797182430384417706672291,0.0014140908999479101279773939665917340101086257637478,simulated
SIRIUS_4.125_2030,50000,48015.62500,48181.770833333333333333333333333333333333333333334,0.00000,0.047957709405100368374580974781149708789177514099292,0.000000000000000000000000000000000000000000000000,0.00016594543117721029950636002771652844238797729686165,0.00016594543117721029950636002771652844238797729686165,simulated
GATES_6.875_2029,100000,101718.75000,102772.56944444444444444444444444444444444444444444,0.00000,0.10159605864861809245640160944526020312969268362720,0.00049939690887185544679029976993061851000770597174661,0.00055315143725736766502120009238842814129325765620539,0.0010525483461292231118114998623190466513009636279520,simulated
